id;label;dev
306;PsExtractor;1
10;Extractor;2
134;SparseArray;1
490;SingleSampleMediaPeriod;1
314;SampleStream;1
195;Loader;1
185;Uri;1
313;MediaPeriod;1
312;SingleSampleMediaSource;2
28;DataSource;1
57;Handler;1
309;ConcatenatingMediaSource;1
310;MediaSource;2
311;Timeline;2
4;[I;1
17;Util;2
129;[Z;1
29;VbriSeeker;1
30;Mp3Extractor;2
2;ParsableByteArray;1
31;MpegAudioHeader;1
5;[J;1
315;DefaultSsChunkSource;1
316;SsChunkSource;1
317;SsManifest;1
318;TrackSelection;1
7;ChunkExtractorWrapper;2
66;Track;1
126;FragmentedMp4Extractor;2
319;LoaderErrorThrower;1
64;TrackEncryptionBox;1
96;Format;1
48;Chunk;1
406;ChunkedTrackBlacklistUtil;1
407;ExtractorMediaPeriod;1
9;ExtractorOutput;1
107;DefaultTrackOutput;1
329;ExtractorMediaSource;2
588;SectionReader;0
572;TsPayloadReader;0
38;ParsableBitArray;0
578;SectionPayloadReader;0
19;Atom;1
15;C;1
47;InitializationChunk;1
8;TrackOutput;1
49;DefaultExtractorInput;1
50;DataSpec;1
18;ExtractorInput;1
261;FlacReader;1
254;OggSeeker;1
88;SeekMap;1
264;FlacStreamInfo;1
262;StreamReader;1
23;[B;1
320;MediaCodecAudioRenderer;1
321;MediaCodecRenderer;2
102;MediaClock;1
32;AudioTrack;1
44;MediaCodecUtil;1
55;ExoPlaybackException;1
322;AudioRendererEventListener;1
13;MediaFormat;1
570;SimpleExoPlayerView;1
328;SimpleExoPlayer;1
157;TextRenderer;1
115;ExoPlayer;1
554;PlaybackControlView;1
429;AttributeSet;1
56;Context;1
558;FrameLayout;1
571;ImageView;1
235;KeyEvent;1
383;MotionEvent;1
79;View;1
224;TtmlSubtitle;1
199;Subtitle;1
225;TtmlNode;1
268;ExoPlayerImpl;1
301;ExoPlayerImplInternal;2
196;Message;1
197;TraceUtil;1
427;LibopusAudioRenderer;1
370;SimpleDecoderAudioRenderer;2
552;OpusLibrary;1
103;OpusDecoderException;1
188;OpusDecoder;1
371;AudioDecoderException;1
1;ParserException;1
324;ExoPlayerFactory;1
162;DefaultLoadControl;1
353;DefaultExtractorsFactory;1
332;ExtractorsFactory;1
269;HlsPlaylistParser;1
356;ParsingLoadable;1
272;HlsMasterPlaylist;1
273;HlsMediaPlaylist;1
325;HlsMediaSource;1
573;HlsPlaylistTracker;1
327;AdaptiveMediaSourceEventListener;1
85;EventLogger;1
358;VideoRendererEventListener;1
155;StreamingDrmSessionManager;1
54;Surface;1
124;FlvExtractor;1
20;AudioTagPayloadReader;1
123;VideoTagPayloadReader;1
125;ScriptTagPayloadReader;1
250;WavExtractor;1
251;WavHeaderReader;1
252;WavHeader;1
135;AdtsExtractor;1
113;AdtsReader;1
453;Id3Decoder;1
454;MetadataDecoder;1
457;TxxxFrame;1
458;PrivFrame;1
459;GeobFrame;1
460;ApicFrame;1
586;CommentFrame;1
461;TextInformationFrame;1
462;BinaryFrame;1
589;ReusableBufferedOutputStream;0
11;Assertions;0
170;Mp4Extractor;1
41;NalUnitUtil;1
16;Sniffer;1
65;TrackSampleTable;1
132;PositionHolder;1
323;GaplessInfoHolder;1
63;AtomParsers;1
574;Metadata;1
364;DefaultTrackSelector;1
330;MappingTrackSelector;1
365;RendererCapabilities;1
366;TrackGroupArray;1
367;TrackGroup;1
368;FixedTrackSelection;1
369;[[I;1
99;Point;1
105;ContainerMediaChunk;1
106;BaseMediaChunk;1
89;XingSeeker;1
90;ConstantBitrateSeeker;1
337;DefaultDashChunkSource;1
156;DashChunkSource;1
209;Representation;1
338;RawCcExtractor;2
339;MatroskaExtractor;2
302;BehindLiveWindowException;1
292;DashSegmentIndex;1
97;MimeTypes;1
340;DashManifest;1
146;MediaChunk;1
341;ChunkHolder;1
342;Period;1
208;RangedUri;1
205;HttpDataSource;1
343;AdaptationSet;1
241;OnClickListener;1
556;SeekBar;1
557;OnSeekBarChangeListener;1
234;TextView;1
345;FormatHolder;1
346;DecoderInputBuffer;1
25;Allocator;1
26;Allocation;1
27;CryptoInfo;1
347;OpusReader;1
163;LoadControl;1
219;DefaultAllocator;1
348;TrackSelectionArray;1
349;Renderer;1
350;MergingMediaSource;1
351;MergingMediaPeriod;1
138;TsExtractor;1
139;SparseBooleanArray;1
560;SparseIntArray;1
190;SingleSampleMediaChunk;1
362;BaseRenderer;2
245;Callback;1
160;Looper;1
352;SsMediaSource;1
565;LoopingMediaSource;1
585;SimpleCacheSpan;1
279;CacheSpan;1
583;CachedContentIndex;1
130;ChunkIndex;1
577;MetadataUtil;1
62;Pair;1
333;OggPageHeader;1
508;Ac3Extractor;1
122;Ac3Util;1
121;Ac3Reader;1
198;SubripSubtitle;1
204;DefaultHttpDataSource;1
206;TransferListener;1
354;SinglePeriodTimeline;1
207;SegmentBase;1
210;UrlTemplate;1
590;ExoPlayerTest;2
289;HandlerThread;0
46;TestCase;0
355;DashMediaSource;1
213;CacheDataSink;1
215;Cache;1
214;DataSink;1
58;MediaCodec;1
59;BufferInfo;1
60;MediaCrypto;1
363;HlsMediaChunk;1
147;Aes128DataSource;1
326;HlsSampleStreamWrapper;1
569;TimestampAdjuster;1
131;WebvttExtractor;1
285;FixedSampleSizeRechunker;1
222;WebvttSubtitle;1
74;WebvttCue;1
331;MetadataRenderer;1
372;DecoderCounters;1
246;SimpleDecoder;1
373;SimpleOutputBuffer;1
498;DrmSession;1
497;DrmSessionManager;1
81;Activity;1
98;Display;1
374;TrackSelector;1
94;EbmlReaderOutput;1
377;Mp4WebvttDecoder;1
378;SimpleSubtitleDecoder;1
379;SubtitleDecoderException;1
75;Mp4WebvttSubtitle;1
76;WebvttCueParser;1
540;LibvpxVideoRenderer;1
201;VpxDecoderException;1
217;Bitmap;1
305;OggExtractor;1
278;VorbisReader;1
376;MediaCodecVideoRenderer;1
231;PlayerActivity;1
381;UnsupportedDrmException;1
82;Bundle;1
238;Button;1
239;Intent;1
382;LinearLayout;1
